Fecha;Sitio;pH;Turbidez (NTU);Oxígeno disuelto (mg/L);Temperatura (°C);Conductividad (ľS/cm);Clorofila (ľg/L)
23/01/2020;Centro-Weiss G;7.365643623;-0.06;6.34;20.9;445.2;2.13
23/01/2020;Centro-Weiss G;7.390253568;-0.06;6.34;20.9;445.2;2.13
23/01/2020;Centro-Weiss G;7.41858311;-0.06;6.34;20.9;445.2;2.13
23/01/2020;Centro-Weiss G;7.449989894;-0.059901262;6.340008817;20.90015697;445.1999118;2.129691291
23/01/2020;Centro-Weiss G;7.484860611;-0.059325522;6.340610493;20.89941778;445.1938951;2.133347677
23/01/2020;Centro-Weiss G;7.521949556;-0.064820189;6.338045104;20.89542257;445.219549;2.135866865
23/01/2020;Centro-Weiss G;7.557038874;-0.073399966;6.331481527;20.89658261;445.2851847;2.103159061
23/01/2020;Centro-Weiss G;7.587647681;-0.066390096;6.329537007;20.90061273;445.3047104;2.083557312
23/01/2020;Centro-Weiss G;7.617967458;-0.055576797;6.330534139;20.90004878;445.3;2.010746899
23/01/2020;Centro-Weiss G;7.646876139;-0.050272725;6.328263843;20.9;445.2994166;2.046083295
23/01/2020;Centro-Weiss G;7.698876745;-0.044884664;6.321886592;20.9;445.2985574;2.11664803
23/01/2020;Centro-Weiss G;7.692173573;-0.049548953;6.320196299;20.9;445.3362362;2.129856405
23/01/2020;Centro-Weiss G;7.628297312;-0.063050218;6.314616408;20.9;445.3911028;2.138531238
23/01/2020;Centro-Weiss G;7.476987337;-0.073407877;6.303488958;20.9;445.4023034;2.047768609
23/01/2020;Centro-Weiss G;7.307330826;-0.084366001;6.293343597;20.9;445.4000358;1.833667193
23/01/2020;Centro-Weiss G;7.111627325;-0.094206071;6.282483235;20.90319564;445.4;1.638322365
23/01/2020;Centro-Weiss G;6.99211616;-0.100011888;6.268949208;20.89168018;445.4;1.731651039
23/01/2020;Centro-Weiss G;6.904424777;-0.104956529;6.248176354;20.83586905;445.3971489;1.829447625
23/01/2020;Centro-Weiss G;6.845837144;-0.104877362;6.235203325;20.79689699;445.4103337;1.739686904
23/01/2020;Centro-Weiss G;6.800801599;-0.104724906;6.224251765;20.79952923;445.4731293;1.587966256
23/01/2020;Centro-Weiss G;6.768247153;-0.100948508;6.216041002;20.8;445.5052259;1.469802381
23/01/2020;Centro-Weiss G;6.726181383;-0.093803023;6.205870756;20.8;445.5001933;1.552726423
23/01/2020;Centro-Weiss G;6.683548339;-0.099470889;6.197782596;20.8;445.5008575;1.633927669
23/01/2020;Centro-Weiss G;6.63969006;-0.106476051;6.189755227;20.8;445.4880077;1.711972049
23/01/2020;Centro-Weiss G;6.61524672;-0.102403926;6.179223326;20.8;445.4866764;1.768301131
23/01/2020;Centro-Weiss G;6.614806305;-0.100014895;6.172079162;20.8;445.5010456;1.77468653
23/01/2020;Centro-Weiss G;6.642813107;-0.101291481;6.161249259;20.8;445.5000573;1.826288218
23/01/2020;Centro-Weiss G;6.678771836;-0.099130158;6.151277814;20.8;445.5;1.794286862
23/01/2020;Centro-Weiss G;6.713662965;-0.094104255;6.143110026;20.8;445.5;1.829174387
23/01/2020;Centro-Weiss G;6.735082111;-0.092490904;6.131804445;20.8;445.5;2.015127998
23/01/2020;Centro-Weiss G;6.75332469;-0.08781466;6.12246575;20.8;445.5;2.024501314
23/01/2020;Centro-Weiss G;6.769343429;-0.074864078;6.11248599;20.8;445.5;1.937832148
23/01/2020;Centro-Weiss G;6.790268906;-0.073981232;6.104297331;20.8;445.4999631;1.837937323
23/01/2020;Centro-Weiss G;6.810256362;-0.088756626;6.09108519;20.8;445.4970712;1.619210283
23/01/2020;Centro-Weiss G;6.829935435;-0.101334984;6.080871676;20.8;445.5073369;1.517058162
23/01/2020;Centro-Weiss G;6.84303175;-0.10488212;6.073455848;20.8;445.5604301;1.521877921
23/01/2020;Centro-Weiss G;6.848416996;-0.103943439;6.069530868;20.8;445.6004488;1.477867613
23/01/2020;Centro-Weiss G;6.843156783;-0.098529081;6.069923223;20.8;445.6012422;1.484920181
23/01/2020;Centro-Weiss G;6.822591596;-0.086438659;6.070096946;20.8;445.6;1.529169317
23/01/2020;Centro-Weiss G;6.793790447;-0.073955269;6.070220306;20.8;445.6;1.525899079
23/01/2020;Centro-Weiss G;6.754561876;-0.072407077;6.064628858;20.8;445.6;1.588760922
23/01/2020;Centro-Weiss G;6.723256403;-0.078378085;6.053499974;20.8;445.6;1.658852909
23/01/2020;Centro-Weiss G;6.697002802;-0.082045183;6.038132957;20.8;445.5999963;1.706047811
23/01/2020;Centro-Weiss G;6.688207016;-0.087154485;6.013312372;20.8;445.5991468;1.883333075
23/01/2020;Centro-Weiss G;6.673103604;-0.093003306;5.996976275;20.8;445.6072149;1.933098313
23/01/2020;Centro-Weiss G;6.650721201;-0.091380944;5.986633633;20.8;445.6133349;1.819478226
23/01/2020;Centro-Weiss G;6.604523899;-0.082489675;5.977393719;20.8;445.5974276;1.771582634
23/01/2020;Centro-Weiss G;6.543083912;-0.083304196;5.971550517;20.8;445.6359433;1.677595655
23/01/2020;Centro-Weiss G;6.46319754;-0.085893642;5.949078155;20.8;445.6942112;1.564055441
23/01/2020;Centro-Weiss G;6.385650004;-0.080932364;5.919362325;20.8;445.6987386;1.555220983
23/01/2020;Centro-Weiss G;6.31481219;-0.080457239;5.890139553;20.8;445.7418596;1.558337642
23/01/2020;Centro-Weiss G;6.252723657;-0.088519835;5.83922568;20.8;445.7983998;1.542697512
23/01/2020;Centro-Weiss G;6.209971746;-0.097629336;5.798806307;20.8;445.8074091;1.530054041
23/01/2020;Centro-Weiss G;6.178273941;-0.100422875;5.762654803;20.8;445.7758553;1.421155141
23/01/2020;Centro-Weiss G;6.158580648;-0.100078274;5.731030638;20.8;445.7125533;1.274235104
23/01/2020;Centro-Weiss G;6.139070009;-0.099350001;5.712905575;20.8;445.6967959;1.243716785
23/01/2020;Centro-Weiss G;6.121202997;-0.101073922;5.678627196;20.8;445.7;1.306988178
23/01/2020;Centro-Weiss G;6.101287253;-0.096554258;5.652675327;20.8;445.6989019;1.382684103
23/01/2020;Centro-Weiss G;6.077662159;-0.094773935;5.632990128;20.8;445.7048009;1.424731003
23/01/2020;Centro-Weiss G;6.050988098;-0.104741823;5.598780498;20.8;445.7064189;1.49280541
23/01/2020;Centro-Weiss G;6.01453665;-0.114009357;5.578951405;20.8;445.7001563;1.508534863
23/01/2020;Centro-Weiss G;5.97092227;-0.125520197;5.563088722;20.8;445.6999235;1.457074333
23/01/2020;Centro-Weiss G;5.918787923;-0.132947497;5.549888109;20.8;445.7005998;1.469207243
23/01/2020;Centro-Weiss G;5.865178232;-0.135476476;5.541192133;20.8;445.7052503;1.372452911
23/01/2020;Centro-Weiss G;5.80633286;-0.132892788;5.516785249;20.8;445.6683737;1.214435493
23/01/2020;Centro-Weiss G;5.740388666;-0.125184202;5.514365118;20.80220433;445.6002576;1.232344864
23/01/2020;Centro-Weiss G;5.666637082;-0.122369638;5.371813429;20.79838832;445.4810894;1.263785298
23/01/2020;Centro-Weiss G;5.58730979;-0.131222875;5.057050473;20.74690729;445.3095583;1.265385672
23/01/2020;Centro-Weiss G;5.509437196;-0.143832688;4.946971986;20.69945385;445.1897061;1.282478268
23/01/2020;Centro-Weiss G;5.43989094;-0.15508397;4.764886644;20.69854729;445.08125;1.182711536
23/01/2020;Centro-Weiss G;5.376995775;-0.172383677;4.368668846;20.70278591;445.0131755;1.032508022
23/01/2020;Centro-Weiss G;5.319305403;-0.181439197;4.148299239;20.69283188;444.9471774;0.941174978
23/01/2020;Centro-Weiss G;5.260884933;-0.17944813;3.714670054;20.64002547;444.6782852;0.867783245
23/01/2020;Centro-Weiss G;5.200085815;-0.184579223;3.269820464;20.59631781;444.3475739;0.813422734
23/01/2020;Centro-Weiss G;5.144112233;-0.21128741;3.100836693;20.54838358;444.0898013;0.66133031
23/01/2020;Centro-Weiss G;5.092696046;-0.235355449;2.991944529;20.49979342;443.9549484;0.564147205
23/01/2020;Centro-Weiss G;5.046614059;-0.243108499;2.73023362;20.49888391;443.795346;0.602612184
23/01/2020;Centro-Weiss G;4.993546096;-0.261546111;2.349467197;20.50495267;443.3182776;0.52302091
23/01/2020;Centro-Weiss G;4.939683559;-0.277761281;2.246500743;20.46917715;442.9421912;0.444065356
23/01/2020;Centro-Weiss G;4.879105569;-0.2889788;2.194602001;20.41080404;442.5802215;0.392979325
23/01/2020;Centro-Weiss G;4.830456942;-0.306608264;2.080947232;20.39557434;442.175722;0.309246467
23/01/2020;Centro-Weiss G;4.793010245;-0.302053114;1.93367321;20.39996039;441.9858765;0.259222417
23/01/2020;Centro-Weiss G;4.785554833;-0.26993673;1.743065281;20.4;441.8637373;0.274911843
23/01/2020;Centro-Weiss G;4.778317821;-0.258765797;1.646410598;20.4;441.7752479;0.311684521
23/01/2020;Centro-Weiss G;4.771589627;-0.282156999;1.566705989;20.4;441.6997844;0.354752899
23/01/2020;Centro-Weiss G;4.7459415;-0.295272042;1.492361213;20.4;441.6096792;0.33840275
23/01/2020;WP;8.632391957;0.02;6.87;21;446.3908113;2.44
23/01/2020;WP;8.612015362;0.02;6.87;21;446.4226214;2.44
23/01/2020;WP;8.613056892;0.019960709;6.87;21;446.4237628;2.44
23/01/2020;WP;8.603696061;0.020487698;6.870848109;21;446.3941447;2.428100997
23/01/2020;WP;8.615343617;0.019231453;6.865251345;21.00024952;446.330922;2.515255064
23/01/2020;WP;8.475615496;0.012605553;6.84900547;21.00365641;446.2310566;2.71417212
23/01/2020;WP;8.269845161;0.001516723;6.821255749;20.96858089;446.0944727;2.893311284
23/01/2020;WP;8.208239565;-0.015698558;6.786986077;20.9059846;445.9726773;3.054817008
23/01/2020;WP;7.872074879;-0.028233808;6.755356236;20.89623238;445.8558629;3.254133496
23/01/2020;WP;7.780864006;-0.022449933;6.717973248;20.9;445.7450175;3.414834951
23/01/2020;WP;7.849648952;-0.017813315;6.692013089;20.9;445.6099894;3.239837405
23/01/2020;WP;7.791157443;-0.010150836;6.642068488;20.9;445.4744721;2.870639547
23/01/2020;WP;7.708015468;0.001331062;6.602276319;20.9;445.3475434;2.645772213
23/01/2020;WP;7.731249188;-0.00508699;6.577019058;20.90224384;445.257429;2.652196827
23/01/2020;WP;7.760351508;-0.010153279;6.55631099;20.8998921;445.1975605;2.649406405
23/01/2020;WP;7.783432535;-0.002879109;6.53595802;20.84402603;445.1609154;2.602337413
23/01/2020;WP;7.775379004;-0.002454983;6.5148995;20.79578495;445.126339;2.524841327
23/01/2020;WP;7.773523606;0.00130219;6.503112282;20.79954974;445.0866636;2.420366715
23/01/2020;WP;7.78115912;0.0126118;6.481466247;20.8;445.0528732;2.325257776
23/01/2020;WP;7.767391366;0.012116724;6.462586052;20.8;445.0249799;2.253013653
23/01/2020;WP;7.786385682;0.00538417;6.443777363;20.8;444.9911369;2.266073688
23/01/2020;WP;7.759499007;0.006290417;6.415754182;20.8;444.9594871;2.348597407
23/01/2020;WP;7.767487913;0.008512029;6.396291352;20.8;444.9318184;2.326854201
23/01/2020;WP;7.795645626;0.009549866;6.371038453;20.8;444.9066182;2.296025449
23/01/2020;WP;7.807498457;0.013869203;6.343454102;20.8;444.8971535;2.423803024
23/01/2020;WP;7.798874032;0.030273943;6.331244941;20.8;444.8956517;2.577851273
23/01/2020;WP;7.779340655;0.054602652;6.325160219;20.8;444.9011971;2.5502383
23/01/2020;WP;7.741229345;0.057100404;6.320386562;20.8;444.9055312;2.350175132
23/01/2020;WP;7.786318319;0.008864681;6.315768211;20.8;444.8938277;2.252360935
23/01/2020;WP;7.763053728;-0.045107986;6.310206707;20.8;444.8769526;2.253679886
23/01/2020;WP;7.684173197;-0.043535902;6.31078673;20.8;444.8570009;2.132253399
23/01/2020;WP;7.640438161;-0.013114694;6.309066803;20.8;444.8562412;2.053702337
23/01/2020;WP;7.625964169;0.01070874;6.272633588;20.8;444.8660257;1.885457698
23/01/2020;WP;7.629648138;0.014224111;6.197065755;20.8;444.8874113;1.566003814
23/01/2020;WP;7.618893343;-0.001706291;6.101187185;20.8;444.8997379;1.540293972
23/01/2020;WP;7.539962747;-0.020279473;6.038756178;20.8;444.9000621;1.793211102
23/01/2020;WP;7.498333986;-0.026792518;6.019355337;20.8;444.9016882;1.99171065
23/01/2020;WP;7.481084064;-0.030273419;6.008884841;20.8;444.9288693;1.939968887
23/01/2020;WP;7.455339615;-0.038329861;5.994265253;20.8;444.94916;1.69579735
23/01/2020;WP;7.436956922;-0.04376701;5.981177213;20.8;444.9526606;1.62634806
23/01/2020;WP;7.411875071;-0.04351496;5.977890267;20.8;444.9403393;1.735154725
23/01/2020;WP;7.376655874;-0.041898324;5.970672219;20.8;444.9163495;1.78029417
23/01/2020;WP;7.366209115;-0.051321857;5.963579;20.8;444.9217644;1.795908338
23/01/2020;WP;7.349260749;-0.054299625;5.958844647;20.8;444.9432904;1.808092523
23/01/2020;WP;7.33252116;-0.048158697;5.953139964;20.8;444.9786981;1.838922895
23/01/2020;WP;7.311968546;-0.053512408;5.947207454;20.8;445.0027379;1.831235707
23/01/2020;WP;7.271396005;-0.051561604;5.933745933;20.8;445.0088626;1.719084496
23/01/2020;WP;7.234239876;-0.041029973;5.921278964;20.8;444.9994248;1.653815264
23/01/2020;WP;7.211519016;-0.039273726;5.913302221;20.8;444.970054;1.666697355
23/01/2020;WP;7.199982878;-0.040323434;5.89777428;20.8;444.9498912;1.6142264
23/01/2020;WP;7.191410192;-0.044846411;5.884483381;20.8;444.9457828;1.58773708
23/01/2020;WP;7.175889942;-0.049933261;5.875402766;20.8;444.9560967;1.652674072
23/01/2020;WP;7.153260453;-0.055750317;5.869930624;20.8;444.9847324;1.762215363
23/01/2020;WP;7.109281647;-0.061997327;5.869934253;20.8;445.002526;1.813940325
23/01/2020;WP;7.076688309;-0.063713745;5.870217169;20.8;445.0096233;1.783538179
23/01/2020;WP;7.021038422;-0.058148285;5.867387922;20.8;445.0009131;1.829322883
23/01/2020;WP;7.015201911;-0.048669119;5.861494464;20.8;444.9754063;1.821656662
23/01/2020;WP;7.011743799;-0.050658797;5.859760728;20.8;444.9455003;1.670080576
23/01/2020;WP;6.999001011;-0.055586129;5.860293358;20.8;444.9146287;1.576505982
23/01/2020;WP;6.993563379;-0.050596138;5.858547544;20.8;444.9145109;1.596447279
23/01/2020;WP;7.10012959;-0.05056123;5.852631176;20.8;444.9369828;1.70785401
11/02/2020;Centro-Weiss G;8.653645925;0.636517811;7.965125482;21.6;452.1473987;1.603507195
11/02/2020;Centro-Weiss G;8.660264705;0.646372445;7.957433398;21.6;452.2396428;1.783967204
11/02/2020;Centro-Weiss G;8.666207103;0.642790877;7.957429538;21.6;452.2471388;1.789338196
11/02/2020;Centro-Weiss G;8.671562664;0.638241357;7.954882337;21.6;452.2779956;1.791520049
11/02/2020;Centro-Weiss G;8.676148385;0.624741019;7.95038132;21.6;452.3011761;1.989613511
11/02/2020;Centro-Weiss G;8.680383468;0.619948723;7.94930207;21.6;452.3003797;2.09476734
11/02/2020;Centro-Weiss G;8.683854149;0.625878319;7.94336263;21.6;452.3;2.075456966
11/02/2020;Centro-Weiss G;8.690337341;0.626949652;7.93955955;21.6;452.3;2.048027896
11/02/2020;Centro-Weiss G;8.700203333;0.617276127;7.939974996;21.6;452.3;2.039635308
11/02/2020;Centro-Weiss G;8.693978451;0.609003122;7.94;21.6;452.3;2.116642221
11/02/2020;Centro-Weiss G;8.677171617;0.60822833;7.940292385;21.6;452.3000615;2.173373914
11/02/2020;Centro-Weiss G;8.653981828;0.607400458;7.93846039;21.6;452.301066;2.186884307
11/02/2020;Centro-Weiss G;8.616727124;0.610836685;7.931543568;21.6;452.2517597;2.289610679
11/02/2020;Centro-Weiss G;8.576471897;0.616465326;7.929775828;21.6;452.1812228;2.356089599
11/02/2020;Centro-Weiss G;8.539430555;0.630259089;7.92843374;21.6;452.1039663;2.297162074
11/02/2020;Centro-Weiss G;8.500454416;0.644115122;7.9217968;21.6005568;451.9795041;2.270500339
11/02/2020;Centro-Weiss G;8.470462228;0.645105668;7.919714021;21.60425659;451.8484729;2.37092454
11/02/2020;Centro-Weiss G;8.451546221;0.650067068;7.920119171;21.55768337;451.7409444;2.436180791
11/02/2020;Centro-Weiss G;8.422151137;0.665641305;7.914705533;21.50086748;451.5453633;2.485220138
11/02/2020;Centro-Weiss G;8.38207325;0.676752152;7.909934336;21.49780242;451.3942255;2.556786806
11/02/2020;Centro-Weiss G;8.339064918;0.668605464;7.907253915;21.50004342;451.2188005;2.707116768
11/02/2020;Centro-Weiss G;8.289499476;0.664109752;7.901322249;21.50399767;451.0053133;2.851941642
11/02/2020;Centro-Weiss G;8.238131616;0.680418796;7.912618838;21.47678531;450.8311989;2.959859879
11/02/2020;Centro-Weiss G;8.195594571;0.693207849;7.830541919;21.41256948;450.4303074;3.312217799
11/02/2020;Centro-Weiss G;8.154911473;0.685060565;7.558058152;21.34934422;449.878689;3.831032325
11/02/2020;Centro-Weiss G;8.119543249;0.664618784;7.372929002;21.3008173;449.4426643;4.193168128
11/02/2020;Centro-Weiss G;8.091873667;0.627405957;7.164286905;21.15003477;448.0145466;5.266110158
11/02/2020;Centro-Weiss G;8.064680331;0.595552707;7.016557626;21.0049504;446.7010238;6.082625437
11/02/2020;Centro-Weiss G;8.037244805;0.576715945;6.943929611;20.96466914;446.5165874;5.766925435
11/02/2020;Centro-Weiss G;8.011260428;0.568734706;6.832145156;20.90737252;446.4107766;5.189597596
11/02/2020;Centro-Weiss G;7.985166019;0.560667769;6.766349025;20.89814602;446.3924279;4.788110851
11/02/2020;Centro-Weiss G;7.959540494;0.531620036;6.669748124;20.9;446.3306482;4.457847506
11/02/2020;Centro-Weiss G;7.939138345;0.511387159;6.588038219;20.9;446.2502829;4.21322323
11/02/2020;Centro-Weiss G;7.922941919;0.504130893;6.541407763;20.9;446.2041142;3.966837003
11/02/2020;Centro-Weiss G;7.908470648;0.469012964;6.428359617;20.9;446.1584623;3.501595035
11/02/2020;Centro-Weiss G;7.896426242;0.41320995;6.275494658;20.9;446.159068;2.927695509
11/02/2020;Centro-Weiss G;7.885556329;0.401003301;6.199351399;20.9;446.1865905;2.594190258
11/02/2020;Centro-Weiss G;7.876486837;0.412297701;6.160219288;20.9;446.1256245;2.556293591
11/02/2020;Centro-Weiss G;7.868632345;0.41100369;6.136348428;20.9;446.0531733;2.398780158
11/02/2020;Centro-Weiss G;7.859395029;0.398421118;6.109278485;20.9;445.9295202;2.180308948
11/02/2020;Centro-Weiss G;7.850224026;0.400918901;6.095788768;20.9;445.8956191;2.271380604
11/02/2020;Centro-Weiss G;7.840559198;0.420097604;6.083526645;20.90180066;445.9013133;2.323916331
11/02/2020;Centro-Weiss G;7.830304763;0.436688014;6.073979165;20.89460218;445.8969075;2.260602579
11/02/2020;Centro-Weiss G;7.819921524;0.436716546;6.068452864;20.83346748;445.8323419;2.17039716
11/02/2020;Centro-Weiss G;7.808235896;0.43020547;6.062916811;20.79590482;445.7962601;2.02062113
11/02/2020;Centro-Weiss G;7.796995954;0.426351471;6.055637765;20.79991;445.8021242;1.866543291
11/02/2020;Centro-Weiss G;7.786412448;0.417248964;6.050858061;20.8;445.7917939;1.751200834
11/02/2020;Centro-Weiss G;7.77623749;0.398964083;6.039039019;20.8;445.7154024;1.53466451
11/02/2020;Centro-Weiss G;7.772371536;0.387092575;6.025003606;20.8;445.6300042;1.311987959
11/02/2020;Centro-Weiss G;7.773876084;0.374787568;6.019868228;20.8;445.5848554;1.20135826
11/02/2020;Centro-Weiss G;7.776420796;0.361615033;6.012377656;20.8;445.525053;1.115507895
11/02/2020;Centro-Weiss G;7.78464244;0.363645456;6.009556156;20.8;445.4955616;1.075441749
11/02/2020;Centro-Weiss G;7.791830923;0.368260886;6.010619128;20.8;445.4997275;1.082697506
11/02/2020;Centro-Weiss G;7.797203612;0.375573882;6.008622017;20.8;445.5;1.173434479
11/02/2020;Centro-Weiss G;7.800852117;0.391097476;5.991085053;20.8;445.5;1.328899576
11/02/2020;Centro-Weiss G;7.790519196;0.393611027;5.979398299;20.8;445.5030822;1.324963007
11/02/2020;Centro-Weiss G;7.770603061;0.412917703;5.959577069;20.8;445.455167;1.330030928
11/02/2020;Centro-Weiss G;7.750316114;0.427646369;5.939002641;20.8;445.4005737;1.344665953
11/02/2020;Centro-Weiss G;7.72191961;0.419546019;5.937611627;20.8;445.3668262;1.262685742
11/02/2020;Centro-Weiss G;7.700063896;0.404312975;5.937986571;20.8;445.3286994;1.188346385
11/02/2020;Centro-Weiss G;7.689785072;0.380765792;5.744127941;20.8;445.3979681;1.238143996
11/02/2020;Centro-Weiss G;7.68155555;0.379977875;5.515003554;20.8;445.464992;1.238563089
11/02/2020;Centro-Weiss G;7.677258702;0.377497859;5.42040327;20.8;445.5586087;1.090035422
11/02/2020;Centro-Weiss G;7.679443895;0.387435239;5.29206952;20.8;445.7691595;0.985866014
11/02/2020;Centro-Weiss G;7.668094957;0.415527588;5.230901566;20.80479435;445.9158514;1.051110111
11/02/2020;Centro-Weiss G;7.650112329;0.425536302;5.183706937;20.78645516;445.8284655;1.035070064
11/02/2020;Centro-Weiss G;7.62394063;0.421396714;4.866239055;20.72007338;445.6288717;0.84664827
11/02/2020;Centro-Weiss G;7.582357857;0.412712894;4.649125044;20.69375878;445.5842502;0.69736052
11/02/2020;Centro-Weiss G;7.538020592;0.398126399;4.519466004;20.699933;445.530484;0.663064378
11/02/2020;Centro-Weiss G;7.494966096;0.388665565;4.335928192;20.7;445.4828148;0.675326205
11/02/2020;Centro-Weiss G;7.450060488;0.383250511;4.129604104;20.7048006;445.3826472;0.67261649
11/02/2020;Centro-Weiss G;7.409811629;0.378589761;3.941856763;20.68833927;445.239716;0.667274027
11/02/2020;Centro-Weiss G;7.369813164;0.376674219;3.618400268;20.6221432;444.9748942;0.66681021
11/02/2020;Centro-Weiss G;7.336413202;0.373561622;3.487213894;20.59383481;444.8841995;0.643051034
11/02/2020;Centro-Weiss G;7.309665617;0.379214129;3.499285291;20.59996778;444.8728216;0.544399762
11/02/2020;Centro-Weiss G;7.285841669;0.376832407;3.242949061;20.6;444.7726616;0.46740691
11/02/2020;Centro-Weiss G;7.264575547;0.366314637;3.006899054;20.6;444.66671;0.440809669
11/02/2020;Centro-Weiss G;7.24622377;0.35989136;2.959075831;20.60268998;444.590642;0.415677134
11/02/2020;Centro-Weiss G;7.229964215;0.366426866;2.878331306;20.58512849;444.3857804;0.382958903
11/02/2020;Centro-Weiss G;7.216324114;0.384886195;2.632211632;20.52225745;443.9058794;0.374488855
11/02/2020;Centro-Weiss G;7.204741702;0.398669908;2.286616537;20.49631295;443.3641805;0.381479973
11/02/2020;Centro-Weiss G;7.196099864;0.379416319;2.123311187;20.50068364;443.1430511;0.408474518
11/02/2020;Centro-Weiss G;7.188570822;0.358173219;2.030075889;20.50535889;443.1061183;0.500416182
11/02/2020;Centro-Weiss G;7.183561639;0.352492679;1.954995499;20.4632389;443.0238953;0.459305801
11/02/2020;Centro-Weiss G;7.179067427;0.345448007;1.864787076;20.40901479;442.9164488;0.280391857
11/02/2020;Santiago Atitlán;8.759676748;1.171312341;7.962381904;21.74097918;425.2375373;0.672997683
11/02/2020;Santiago Atitlán;8.759130888;0.866586123;7.962167259;21.51776576;452.6755664;1.047316114
11/02/2020;Santiago Atitlán;8.756484625;0.171072024;8.016057149;21.3927342;450.5650544;2.3047313
11/02/2020;Santiago Atitlán;8.751469191;0.233730017;8.009268386;21.40108698;450.4727114;2.368754375
11/02/2020;Santiago Atitlán;8.759039751;0.231541197;8.017406771;21.30475727;450.2958041;2.553701526
11/02/2020;Santiago Atitlán;8.740012407;0.243946205;8.017551495;21.29999134;450.2588529;2.56334974
11/02/2020;Santiago Atitlán;8.740202821;0.259092826;8.009381414;21.3;450.1017383;2.927592879
11/02/2020;Santiago Atitlán;8.683535441;0.267412629;8.001213217;21.3;450.0791876;3.236022784
11/02/2020;Santiago Atitlán;8.604634155;0.26167133;7.991349215;21.3;449.9850735;3.628657303
11/02/2020;Santiago Atitlán;8.589844291;0.238427355;7.959921612;21.3;449.9013413;3.555499378
11/02/2020;Santiago Atitlán;8.582380459;0.273280622;7.93664639;21.3;449.8274599;3.345799678
11/02/2020;Santiago Atitlán;8.575633291;0.283608291;7.913191967;21.3;449.6952537;3.545455337
11/02/2020;Santiago Atitlán;8.549597753;0.263740199;7.871710671;21.3027299;449.4614609;3.639278883
11/02/2020;Santiago Atitlán;8.515430021;0.251915422;7.801061061;21.23549596;449.2735491;3.726681626
11/02/2020;Santiago Atitlán;8.516857481;0.229957258;7.758828274;21.19954755;449.1984635;3.840294569
11/02/2020;Santiago Atitlán;8.501322743;0.248040352;7.732017223;21.2;449.2284844;4.092391641
11/02/2020;Santiago Atitlán;8.511192814;0.279672189;7.681507114;21.2;449.312567;4.55176247
11/02/2020;Santiago Atitlán;8.505889095;0.274563281;7.661229885;21.20415726;449.385713;4.699659477
11/02/2020;Santiago Atitlán;8.498957462;0.324682061;7.615978229;21.14181091;449.4530825;5.246228172
11/02/2020;Santiago Atitlán;8.483478658;0.366048829;7.582801798;21.09697638;449.5318594;5.376261804
11/02/2020;Santiago Atitlán;8.433615816;0.39173212;7.533452476;21.10000236;448.8862247;6.205251034
11/02/2020;Santiago Atitlán;8.410144337;0.375648764;7.514127843;21.08231255;448.6912141;6.543541495
11/02/2020;Santiago Atitlán;8.381435186;0.355853977;7.054211625;20.99429361;449.1970894;6.251132819
11/02/2020;Santiago Atitlán;8.360063471;0.345457634;6.924863168;21;449.4110542;5.821695892
11/02/2020;Santiago Atitlán;8.301181507;0.366520602;6.926358365;21.00010108;449.4200627;5.59127871
11/02/2020;Santiago Atitlán;8.285019481;0.320186317;6.811177875;20.99904749;449.5975617;6.077895662
11/02/2020;Santiago Atitlán;8.293100626;0.329909703;6.759219909;21.00142563;449.6852461;6.393997473
11/02/2020;Santiago Atitlán;8.283664051;0.322669192;6.718913213;20.9635662;449.6600395;5.968266868
11/02/2020;Santiago Atitlán;8.272258675;0.317275203;6.693123388;20.89709816;449.4033665;5.462272159
11/02/2020;Santiago Atitlán;8.256319675;0.320085852;6.666987215;20.9;449.4011944;5.386975608
11/02/2020;Santiago Atitlán;8.252765915;0.311872365;6.609035479;20.9;449.3036036;5.235570106
11/02/2020;Santiago Atitlán;8.251903971;0.324234871;6.605890476;20.9;449.3;5.254456957
11/02/2020;Santiago Atitlán;8.248969336;0.320739568;6.591777402;20.9;449.2938767;5.015956151
11/02/2020;Santiago Atitlán;8.244747612;0.299076171;6.540623422;20.9;449.4599334;4.48316071
11/02/2020;Santiago Atitlán;8.222989867;0.272790324;6.452215817;20.9;449.7191399;3.912908913
11/02/2020;Santiago Atitlán;8.196066575;0.283044207;6.409637669;20.9;449.8814386;3.586246102
11/02/2020;Santiago Atitlán;8.130883696;0.303215304;6.236482703;20.9;450.1337622;3.027692922
11/02/2020;Santiago Atitlán;8.073589916;0.317433563;5.996470094;20.9;450.2773098;2.952444998
11/02/2020;Santiago Atitlán;8.0463025;0.362508495;5.894270632;20.9;450.6045867;2.787904123
11/02/2020;Santiago Atitlán;8.031407301;0.38332112;5.833518845;20.9;450.9342568;2.374568008
11/02/2020;Santiago Atitlán;8.020219875;0.399060593;5.814513261;20.9;451.0633956;2.238173977
11/02/2020;Santiago Atitlán;8.005422192;0.458352677;5.775705149;20.9;451.3320621;2.111072396
11/02/2020;Santiago Atitlán;7.999314376;0.489881386;5.74019764;20.9;451.5521069;2.172426859
11/02/2020;Santiago Atitlán;7.990884621;0.507224784;5.723939993;20.9;451.5988239;2.131025009
11/02/2020;Santiago Atitlán;7.985022643;0.565499224;5.697198789;20.9;451.6679048;1.983845401
11/02/2020;Santiago Atitlán;7.968694538;0.600402841;5.662946454;20.9;451.7342207;2.140879745
11/02/2020;Santiago Atitlán;7.965294632;0.635733728;5.635181569;20.9;451.7973353;2.153716132
11/02/2020;Santiago Atitlán;7.963026085;0.690175555;5.549132287;20.9;451.9670426;1.970620124
11/02/2020;WP;8.646739126;4.558767751;7.767463933;22.87045916;394.6258004;0.417129341
11/02/2020;WP;8.57577455;0.437511086;7.847647501;22.02992383;452.4621663;0.603055591
11/02/2020;WP;8.512639453;0.008366333;7.912953429;21.80119221;457.3003456;0.83512144
11/02/2020;WP;8.46279098;0.208841963;7.96290708;21.77496627;453.8324262;1.153998113
11/02/2020;WP;8.422559822;0.209407364;7.997836475;21.72684072;453.4070445;1.402544677
11/02/2020;WP;8.402770259;0.243856367;8.01905955;21.65414149;452.6218416;1.892898719
11/02/2020;WP;8.375478698;0.30324827;8.024859279;21.53612869;451.2856076;2.730564689
11/02/2020;WP;8.328186578;0.31770969;8.015773268;21.48479502;450.5707919;3.032493126
11/02/2020;WP;8.29335856;0.320675456;7.997565093;21.3389724;449.1457353;3.762625533
11/02/2020;WP;8.263602903;0.320820115;7.970969122;21.20163467;447.9421498;4.444971859
11/02/2020;WP;8.20418313;0.329937358;7.932915126;21.20176872;447.6484362;4.412192892
11/02/2020;WP;8.139616986;0.340503951;7.879263824;21.16966759;447.3887454;4.401348228
11/02/2020;WP;8.115153727;0.313479993;7.799805679;21.10813324;447.0434729;4.415553734
11/02/2020;WP;8.112740279;0.274013545;7.713193643;21.10044029;446.8138484;4.301758671
11/02/2020;WP;8.112407859;0.23802664;7.63860767;21.07050924;446.7933818;4.551020375
11/02/2020;WP;8.103528748;0.215845504;7.560571706;21.00867616;446.8028404;4.838653768
11/02/2020;WP;8.087712814;0.207745819;7.487068291;20.99608545;446.7545386;4.697623149
11/02/2020;WP;8.077348064;0.196182657;7.430397918;20.99995449;446.6995661;4.626972749
11/02/2020;WP;8.075941667;0.197382115;7.386189066;21;446.6435213;4.994955275
11/02/2020;WP;8.070192368;0.208957503;7.344410241;21;446.5967896;5.295215935
25-ene-17;Este centro;8.8;100;14.43;23.5;743;1,378.84
25-ene-17;Bahía Playa de Oro;8.52;93;12.92;23.8;760;401.9529
25-ene-17;Oeste centro;8.38;26;14.15;23.9;768;187.286
25-ene-17;Río Michatoya;8;233;9.61;23.1;782;1,948.05
14-feb-17;Este centro;9.09;25;16.71;23.5;582;234.8338
14-feb-17;Bahía Playa de Oro;8.66;18;8.76;24;605;189.5456
14-feb-17;Oeste centro;8.4;17;11;24;691;74.5211
14-feb-17;Río Michatoya;8.23;36;9.64;23.1;685;292.4832
6-mar-17;Este centro;8.79;11;8.21;22.1;570;60.7425
6-mar-17;Bahía Playa de Oro;7.89;13;3.33;23;619;40.7175
6-mar-17;Oeste centro;7.91;3;3.85;22.7;704;4.005
6-mar-17;Río Michatoya;8.32;7;8.55;23;703;79.4325
16-mar-17;Este centro;8.93;14;8.63;22.3;552;59.4075
16-mar-17;Oeste centro;7.8;3;3.32;22.8;690;2.67
5-abr-17;Este centro;9.17;29;13.5;24.4;608;97.9579
5-abr-17;Bahía Playa de Oro;9.2;220;21.2;29.1;680;465.9328
5-abr-17;Oeste centro;8.3;14;4.84;28.8;803;33.5419
5-abr-17;Río Michatoya;8.48;90;10.25;25;755;828.3764
15-may-17;Este centro;9.54;41;19.42;26.2;629;178.0668
15-may-17;Bahía Playa de Oro;7.85;450;9.58;28.4;706;3,447.02
15-may-17;Oeste centro;9.29;44;17.62;26.7;774;253.1338
15-may-17;Río Michatoya;9.32;210;16.77;26.9;774;463.9392
14-jun-17;Este centro;9.39;34;10.31;26.7;640;103.1644
14-jun-17;Bahía Playa de Oro;8.79;49;2.03;26.5;670;114.365
14-jun-17;Oeste centro;9.49;40;9.36;25.9;728;159.9464
14-jun-17;Río Michatoya;9.19;21;10.53;25.8;733;66.71
24-jul-17;Este centro;9.46;13;11.64;26.2;611;36.2608
24-jul-17;Bahía Playa de Oro;8.53;28;10.54;26.6;651;102.3723
24-jul-17;Oeste centro;9.06;18;11.92;25.9;704;86.4665
24-jul-17;Río Michatoya;9.48;22;17.15;26.5;715;97.317
9-ago-17;Este centro;9.27;10;9.9;25.8;587;60.1395
9-ago-17;Bahía Playa de Oro;8.14;22;4.21;27.6;659;39.5027
9-ago-17;Oeste centro;9.2;160;10.7;28.7;737;194.7587
9-ago-17;Río Michatoya;8.61;11;3.72;26.9;729;10.6355
11-sep-17;Este centro;9.46;20;15.46;27.6;561;239.9785
11-sep-17;Bahía Playa de Oro;8.98;32;12.57;29.2;604;114.0535
11-sep-17;Oeste centro;9.43;41;17.95;28.1;652;369.5058
11-sep-17;Río Michatoya;9.38;270;0;28.1;657;1,461.42
3-oct-17;Este centro;8.8;46;12.08;25.8;566;299.574
3-oct-17;Bahía Playa de Oro;8.06;41;4.7;26;635;261.215
3-oct-17;Oeste centro;8;16;2.46;25.7;675;58.473
3-oct-17;Río Michatoya;7.27;11;0.16;25.4;682;11.5848
14-nov-17;Este centro;7.59;16;0.71;23.2;622;21.36
14-nov-17;Bahía Playa de Oro;7.92;19;6.3;24;653;81.702
14-nov-17;Oeste centro;7.56;25;0.83;24;710;31.328
14-nov-17;Río Michatoya;7.57;21;0.19;24;709;31.684
6-dic-17;Este centro;7.95;9;5.46;22.9;632;68.1443
6-dic-17;Bahía Playa de Oro;8.35;21;8.47;23.2;660;88.6143
6-dic-17;Oeste centro;7.48;13;2.79;23;735;21.0752
6-dic-17;Río Michatoya;8.01;24;7.23;24.1;734;47.1522
10-ene-18;Este centro;8.19;12;9.1;21.4;624;82.9035
10-ene-18;Bahía Playa de Oro;8.51;23;11.66;23.4;659;91.67
10-ene-18;Oeste centro;7.63;11;3.08;22.9;757;18.9867
10-ene-18;Río Michatoya;7.63;11;4.25;23.2;753;78.32
5-feb-18;Este centro;8.47;8;10.68;21.6;618;69.331
5-feb-18;Bahía Playa de Oro;8.64;27;13.28;22.5;644;134.657
5-feb-18;Oeste centro;8.06;15;8.78;21.8;743;134.7905
5-feb-18;Río Michatoya;8.15;15;10.96;22.2;740;113.831
12-mar-18;Este centro;9.27;20;15.42;22.5;618;280.706
12-mar-18;Bahía Playa de Oro;8.32;16;11.22;26;698;68.307
12-mar-18;Oeste centro;7.68;2;2.8;24.3;788;4.2542
12-mar-18;Río Michatoya;7.8;5;388;24.1;789;24.1368
2-abr-18;Este centro;9.16;5;10.18;24.9;595;32.2625
2-abr-18;Bahía Playa de Oro;8.88;17;11.61;26;646;82.236
2-abr-18;Oeste centro;8.89;5;12.63;24.9;748;100.926
2-abr-18;Río Michatoya;9.63;69;17.14;27.3;731;847.28
7-may-18;Este centro;9.48;15;11.26;22;620;153.614
7-may-18;Bahía Playa de Oro;8.29;17;4.9;22.9;697;137.327
7-may-18;Oeste centro;9.17;9;13.97;22.6;770;144.892
7-may-18;Río Michatoya;9.44;12;18.14;22.9;773;416.0083
4-jun-18;Este centro;9.99;12;11.24;25.9;598;70.67
4-jun-18;Bahía Playa de Oro;8.68;34;1.59;26.2;676;206.04
4-jun-18;Oeste centro;9.81;29;17.96;26.1;724;305.63
2-jul-18;Este centro;9.72;9;10.98;26.6;581;34.087
2-jul-18;Bahía Playa de Oro;8.8;25;5.93;25.9;650;141.51
2-jul-18;Oeste centro;9.5;24;13.42;25.8;689;235.316
2-jul-18;Río Michatoya;9.96;81;14.6;27;692;999.915
6-ago-18;Este centro;9.76;20;10.42;25.1;583;65.504
6-ago-18;Bahía Playa de Oro;8.54;31;4.03;26;645;108.58
6-ago-18;Oeste centro;9.13;20;6.57;25;716;65.0056
6-ago-18;Río Michatoya;9.53;54;13.08;26.7;706;462.444
3-sep-18;Este centro;9.78;11;10.01;25.9;570;83.06
3-sep-18;Bahía Playa de Oro;8.43;15;4.76;25.9;647;88.29
3-sep-18;Oeste centro;9.45;36;13.4;26.2;695;404.34
3-sep-18;Río Michatoya;9.43;51;13.21;26;692;353.33
1-oct-18;Este centro;9.58;6;6.05;25;560;34.11
1-oct-18;Bahía Playa de Oro;8.37;18;4.8;25.6;653;74.23
1-oct-18;Bahía Playa de Oro;8.76;13;3.26;24.9;700;64.73
1-oct-18;Bahía Playa de Oro;9.11;23;9.79;25.6;689;161.54
5-nov-18;Este centro;9.73;30;13.36;20.4;678;168.5067
5-nov-18;Bahía Playa de Oro;9.04;28;12.17;25.8;659;156.996
5-nov-18;Oeste centro;8.55;8;7.06;20.4;778;80.2187
5-nov-18;Río Michatoya;8.86;18;12.36;26.3;667;129.94
3-dic-18;Este centro;9.53;170;14.95;26;619;161.268
3-dic-18;Bahía Playa de Oro;9.14;81;13.6;27.4;655;125.668
3-dic-18;Oeste centro;8.19;22;6.43;25.8;731;73.514
3-dic-18;Río Michatoya;8.35;25;9.2;26;706;92.204
7-ene-19;Este centro;8.54;23;6.8;22.6;626;130.8893
7-ene-19;Oeste centro;7.6;19;1.8;22.5;733;71.3187
4-feb-19;Este centro;9.02;28;13.31;24.1;619;75.12
4-feb-19;Oeste centro;8.37;23;10.12;25.2;741;154.15
4-mar-19;Este centro;9.41;33;14.58;24.2;617;183.43
4-mar-19;Oeste centro;8.92;38;12.79;25.6;739;80.28
1-abr-19;Este centro;9.03;21;8.79;26.7;647;76.54
1-abr-19;Oeste centro;8.67;21;8.94;25.1;762;166.96
6-may-19;Este centro;9.36;114;11.5;28.4;627;1,316.31
6-may-19;Oeste centro;8.63;17;8.59;27.1;817;36.16
3-jun-19;Este centro;9.28;67;14;26.8;632;183.43
3-jun-19;Oeste centro;8.75;21;8.71;26.5;760;80.28
8-jul-19;Este centro;9.36;98;14.97;25.8;638;19.34
8-jul-19;Oeste centro;9.08;49;8.36;25.7;761;46.04
5-ago-19;Este centro;9.7;202;24.1;27.2;614;160.38
5-ago-19;Oeste centro;9.43;52;16.13;27.2;741;220.08
2-sep-19;Este centro;9.61;51;18.21;26.9;600;259.52
2-sep-19;Oeste centro;9.56;75;21.6;29.9;735;188.92
7-oct-19;Este centro;9.41;31;14.4;26.1;614;77.73
7-oct-19;Oeste centro;8.62;24;8.25;25.9;698;198.05
4-nov-19;Este centro;8.79;20;2.35;24.7;612;92.32
4-nov-19;Oeste centro;7.75;12;0.42;24.7;660;9.49
2-dic-19;Este centro;8;11;0.61;23.8;625;25.51
2-dic-19;Oeste centro;7.67;9;0.58;24.1;662;25.04
5-may-21;Lago de Amatitlán/Este Centro;9.43;122;5.07;25.1;646;918.84
5-may-21;Lago de Amatitlán/Este Centro;8.9;23;3.14;21.1;649;886.6
5-may-21;Lago de Amatitlán/Este Centro;8.65;15;2.74;24;649;268.07
5-may-21;Lago de Amatitlán/Este Centro;7.73;6;0.06;22.6;662;194.38
5-may-21;Lago de Amatitlán/Bahía Playa de Oro;8.71;2670;4.81;28.1;647;886.6
5-may-21;Lago de Amatitlán/Bahía Playa de Oro;8;27;0.08;27.4;677;7.69
5-may-21;Lago de Amatitlán/Oeste Centro;9.26;44;17.6;26.8;734;268.07
5-may-21;Lago de Amatitlán/Oeste Centro;8.7;31;3.75;24.7;750;137.77
5-may-21;Lago de Amatitlán/Oeste Centro;7.88;13;0.11;24;751;121.75
5-may-21;Lago de Amatitlán/Oeste Centro;7.54;16;0.05;22.9;757;334.28
5-may-21;Lago de Amatitlán/Río Michatoya ;8.5;45;9.35;25.2;740;194.38
5-may-21;Lago de Amatitlán/Playa Pública;8.97;98;11.28;26.8;736;166.96
7-jun-21;Lago de Amatitlán/Bahía Playa de Oro;9.06;41;12.67;29.3;627;121.75
7-jun-21;Lago de Amatitlán/Oeste Centro;9.59;61;18.44;27.7;703;334.28
7-jun-21;Lago de Amatitlán/Río Michatoya ;9.49;44;18.04;27.5;698;279.46
7-jun-21;Lago de Amatitlán/Playa Pública;9.46;40;16.16;27.6;702;387.68
7-jul-21;Lago de Amatitlán/Este Centro;9.35;8;9.03;26.7;641;44.86
7-jul-21;Lago de Amatitlán/Bahía Playa de Oro;8.83;37;11.58;28.1;643;106.09
7-jul-21;Lago de Amatitlán/Oeste Centro;9.33;60;15.59;27.9;683;271.27
7-jul-21;Lago de Amatitlán/Río Michatoya ;9.41;47;18.51;29.1;677;204.34
7-jul-21;Lago de Amatitlán/Playa Pública;9.32;44;19.36;28.6;684;174.8
3-ago-21;Lago de Amatitlán/Este Centro;9.52;25;13.79;26.3;635;272.34
3-ago-21;Lago de Amatitlán/Bahía Playa de Oro;8.84;29;13.55;27.6;640;242.79
3-ago-21;Lago de Amatitlán/Oeste Centro;9.22;22;14.33;26.4;675;227.84
3-ago-21;Lago de Amatitlán/Río Michatoya ;9.4;49;14.7;26.9;670;342.83
3-ago-21;Lago de Amatitlán/Playa Pública;9.48;72;17.72;27.9;668;352.44
7-sep-21;Lago de Amatitlán/Este Centro;9.55;6;10.47;26.6;618;55.89
7-sep-21;Lago de Amatitlán/Bahía Playa de Oro;9.16;27;13.61;26.9;609;167.32
7-sep-21;Lago de Amatitlán/Oeste Centro;9.3;19;14.09;27;629;308.65
7-sep-21;Lago de Amatitlán/Río Michatoya ;9.56;21;16.62;26.3;628;317.55
7-sep-21;Lago de Amatitlán/Playa Pública;9.64;22;18.86;27.6;621;453.9
5-oct-21;Lago de Amatitlán/Este Centro;9.69;9;14.03;27;591;157
5-oct-21;Lago de Amatitlán/Bahía Playa de Oro;8.72;26;8.08;26.6;617;170.52
5-oct-21;Lago de Amatitlán/Oeste Centro;8.94;19;9.57;26.1;623;215.74
5-oct-21;Lago de Amatitlán/Río Michatoya ;9.07;25;10.16;26;620;247.06
5-oct-21;Lago de Amatitlán/Playa Pública;9.11;23;11.27;26.3;618;246
2-nov-21;Lago de Amatitlán/Este Centro;9.21;9;7.14;25.4;599;109.65
2-nov-21;Lago de Amatitlán/Bahía Playa de Oro;7.79;26;1.05;25.5;632;88.64
2-nov-21;Lago de Amatitlán/Oeste Centro;7.79;16;5.07;24.9;640;65.86
2-nov-21;Lago de Amatitlán/Río Michatoya ;7.88;16;2.22;25;640;78.32
2-nov-21;Lago de Amatitlán/Playa Pública;7.84;14;2.54;25.4;640;72.27
1-dic-21;Lago de Amatitlán/Este Centro;8.24;6;3.06;23;637;47.35
1-dic-21;Lago de Amatitlán/Bahía Playa de Oro;8.46;13;7.74;22.9;624;177.29
1-dic-21;Lago de Amatitlán/Oeste Centro;7.78;10;2.38;23.3;666;67.28
1-dic-21;Lago de Amatitlán/Río Michatoya ;7.81;6;2.82;24.1;670;21.36
1-dic-21;Lago de Amatitlán/Playa Pública;7.75;7;1.86;26.5;668;30.26
4/01/2023;Lago de Amatitlán/Este Centro;9.21;76;12.98;24.58;623.2;318.98
4/01/2023;Lago de Amatitlán/Bahía Playa de Oro;9.21;33;3.66;23.95;606.9;217.52
4/01/2023;Lago de Amatitlán/Oeste Centro;8.52;19;10.65;23.85;615.7;169.81
4/01/2023;Lago de Amatitlán/Río Michatoya ;8.62;18;11.67;23.9;413;273.76
4/01/2023;Lago de Amatitlán/Playa Pública;8.81;82;14.38;24.2;416;585.62
2/02/2023;Lago de Amatitlán/Este Centro;8.77;24;10.65;22.7;627.4;134.21
2/02/2023;Lago de Amatitlán/Bahía Playa de Oro;8.31;18;6.89;22.38;615.7;100.04
2/02/2023;Lago de Amatitlán/Oeste Centro;8.27;14;8.6;23.06;636.8;137.77
2/02/2023;Lago de Amatitlán/Río Michatoya ;8.31;14;8.78;23.1;420;170.17
2/02/2023;Lago de Amatitlán/Playa Pública;8.37;17;9.16;23.4;421;175.86
2/03/2023;Lago de Amatitlán/Este Centro;8.83;43;10.15;24.41;634.6;134.21
2/03/2023;Lago de Amatitlán/Bahía Playa de Oro;9.28;45;21.52;26.39;607.9;100.04
2/03/2023;Lago de Amatitlán/Oeste Centro;8.69;23;12.4;25.05;657.5;137.77
2/03/2023;Lago de Amatitlán/Río Michatoya ;9.1;44;18.82;27.51;656.8;170.17
2/03/2023;Lago de Amatitlán/Playa Pública;8.88;32;20.05;25.74;654.8;175.86
10/04/2023;Lago de Amatitlán/Este Centro;9.36;32;11.01;24.82;631.7;59.1
10/04/2023;Lago de Amatitlán/Bahía Playa de Oro;8.6;27;21.52;25.18;620.3;65.5
10/04/2023;Lago de Amatitlán/Oeste Centro;8.13;21;5.6;24.9;669.8;87.58
10/04/2023;Lago de Amatitlán/Río Michatoya ;8.54;45;8.16;24.53;679.6;156.64
10/04/2023;Lago de Amatitlán/Playa Pública;8.54;41;10.35;25.19;676.3;161.98
2/05/2023;Lago de Amatitlán/Este Centro;9.31;11;10.16;26.3;637;39.52
2/05/2023;Lago de Amatitlán/Bahía Playa de Oro;8.9;56;15.29;27.86;643.4;210.4
2/05/2023;Lago de Amatitlán/Oeste Centro;8.99;53;12.05;26.95;688.1;284.8
2/05/2023;Lago de Amatitlán/Río Michatoya ;9.13;4,900;14.69;27.45;760.6;176006.4
2/05/2023;Lago de Amatitlán/Playa Pública;8.6;135;14.3;26.99;690.2;687.79
7/06/2023;Lago de Amatitlán/Este Centro;9.95;139;18.2;26.93;608.6;685.66
7/06/2023;Lago de Amatitlán/Bahía Playa de Oro;8.3;40;2.89;26.33;623;151.66
7/06/2023;Lago de Amatitlán/Oeste Centro;9.33;47;13.99;26.95;671.8;225.7
7/06/2023;Lago de Amatitlán/Río Michatoya ;9.6;92;21.61;28.38;677.8;187.26
7/06/2023;Lago de Amatitlán/Playa Pública;9.48;84;209.9;27.72;670.4;375.22
10/07/2023;Lago de Amatitlán/Este Centro;9.63;39;9.97;25.78;582.5;135.28
10/07/2023;Lago de Amatitlán/Bahía Playa de Oro;7.77;20;0.84;25.89;624.7;72.98
10/07/2023;Lago de Amatitlán/Oeste Centro;9;20;7.42;26.21;629.4;94.7
10/07/2023;Lago de Amatitlán/Río Michatoya ;9.61;91;19.58;27.67;633;573.16
10/07/2023;Lago de Amatitlán/Playa Pública;9.45;67;20.04;27.74;632.9;339.27
1/08/2023;Lago de Amatitlán/Este Centro;9.49;16;10.31;25.97;594;87.58
1/08/2023;Lago de Amatitlán/Bahía Playa de Oro;8.76;27;10.33;25.7;608.4;169.1
1/08/2023;Lago de Amatitlán/Oeste Centro;8.64;31;8.42;25.17;617.7;190.82
1/08/2023;Lago de Amatitlán/Río Michatoya ;8.98;49;12.03;25.87;615;232.47
1/08/2023;Lago de Amatitlán/Playa Pública;9.21;63;19.01;26.24;612.1;384.84
4/09/2023;Lago de Amatitlán/Este Centro;9.5;13;12.6;26.53;565.5;102.17
4/09/2023;Lago de Amatitlán/Bahía Playa de Oro;8.74;29;6.48;26.52;594.2;118.9
4/09/2023;Lago de Amatitlán/Oeste Centro;8.73;20;8.88;26.85;599.7;127.8
4/09/2023;Lago de Amatitlán/Río Michatoya ;9.37;63;19.5;27.58;587.5;407.26
4/09/2023;Lago de Amatitlán/Playa Pública;9.21;61;20.04;27.74;632.9;430.76
2/10/2023;Lago de Amatitlán/Este Centro;9.39;18;7.43;26.94;553.2;80.1
2/10/2023;Lago de Amatitlán/Bahía Playa de Oro;8.8;26;10.03;27.17;594.1;116.77
2/10/2023;Lago de Amatitlán/Oeste Centro;8.39;15;4.2;29.86;599.2;48.06
2/10/2023;Lago de Amatitlán/Río Michatoya ;9.14;27;12.51;26.86;596.2;173.37
2/10/2023;Lago de Amatitlán/Playa Pública;8.94;25;13.44;27.04;597.6;173.73
2/11/2023;Lago de Amatitlán/Bahía Playa de Oro;7.84;15;1.55;24.21;623;53.04
2/11/2023;Lago de Amatitlán/Oeste Centro;7.78;8;0.44;24.3;602.5;37.02
2/11/2023;Lago de Amatitlán/Río Michatoya ;8.02;14;2.87;24.25;592.2;90.42
2/11/2023;Lago de Amatitlán/Playa Pública;7.78;10;2.01;24.25;595.8;75.12
4/12/2023;Lago de Amatitlán/Este Centro;8.2;10;3.99;24.2;603.3;54.11
4/12/2023;Lago de Amatitlán/Bahía Playa de Oro;8.52;22;8.88;25.05;614;163.4
4/12/2023;Lago de Amatitlán/Oeste Centro;7.56;7;0.7;24.08;621.8;24.21
4/12/2023;Lago de Amatitlán/Río Michatoya ;7.73;6;1.31;24.15;619.7;27.06
4/12/2023;Lago de Amatitlán/Playa Pública;7.85;7;2.4;24.58;621.4;33.82
9/01/2024;Lago de Amatitlán/Este Centro;8.62;14;12.28;23.85;609.7;80.81
9/01/2024;Lago de Amatitlán/Bahía Playa de Oro;8.56;181;16.67;25.31;610.3;165.9
9/01/2024;Lago de Amatitlán/Oeste Centro;8.07;28;5.55;25.18;677;28.3
9/01/2024;Lago de Amatitlán/Río Michatoya ;7.7;6;2.21;24.88;651.4;16.38
9/01/2024;Lago de Amatitlán/Playa Pública;7.8;5;2.51;24.58;653.8;13.53
5/02/2024;Lago de Amatitlán/Este Centro;8.52;9;6.83;23.07;609.8;18.87
5/02/2024;Lago de Amatitlán/Bahía Playa de Oro;8.82;33;14.1;24.46;633.9;34.89
5/02/2024;Lago de Amatitlán/Oeste Centro;8.03;7;3.7;24.21;675.8;18.51
5/02/2024;Lago de Amatitlán/Río Michatoya ;7.91;5;2.36;23.2;678.9;12.64
5/02/2024;Lago de Amatitlán/Playa Pública;7.79;6;1.6;23.2;682.9;12.82
4/03/2024;Lago de Amatitlán/Este Centro;9.42;191;16.24;25.13;602.5;58.21
4/03/2024;Lago de Amatitlán/Bahía Playa de Oro;9.21;53;23.08;27.78;613.3;64.08
4/03/2024;Lago de Amatitlán/Oeste Centro;8.15;6;3.7;24.21;675.8;19.94
4/03/2024;Lago de Amatitlán/Río Michatoya ;7.91;137;2.36;23.2;678.9;35.07
4/03/2024;Lago de Amatitlán/Playa Pública;7.79;12;1.6;23.2;682.9;33.82
2/04/2024;Lago de Amatitlán/Este Centro;9.4;40;12.08;25.84;610.6;105.73
2/04/2024;Lago de Amatitlán/Bahía Playa de Oro;8.79;370;10.94;26.68;630;112.85
2/04/2024;Lago de Amatitlán/Oeste Centro;8.4;51;5.01;26.29;706.3;64.79
2/04/2024;Lago de Amatitlán/Río Michatoya ;7.83;40;5.01;27.48;710.8;100.75
2/04/2024;Lago de Amatitlán/Playa Pública;8.48;66;4.89;26.45;705.6;200.25
6/05/2024;Lago de Amatitlán/Este Centro;9.547;27;13.17;27.7;618;44.5
6/05/2024;Lago de Amatitlán/Bahía Playa de Oro;9.418;115;14.43;27.9;606;100.93
6/05/2024;Lago de Amatitlán/Oeste Centro;9.345;41;17.35;28.5;707;99.32
6/05/2024;Lago de Amatitlán/Río Michatoya ;9.523;368;18.34;28.9;703;1195
6/05/2024;Lago de Amatitlán/Playa Pública;9.498;254;18.95;29;704;312.92
3/06/2024;Lago de Amatitlán/Este Centro;9.284;19;7.17;27.4;627;30.62
3/06/2024;Lago de Amatitlán/Bahía Playa de Oro;8.769;115;7.06;27.7;633;74.05
3/06/2024;Lago de Amatitlán/Oeste Centro;9.371;55;18.35;28.7;721;182.98
3/06/2024;Lago de Amatitlán/Río Michatoya ;9.015;64;11.19;28.4;730;98.26
3/06/2024;Lago de Amatitlán/Playa Pública;9.059;33;11.88;27.9;731;71.91
4/07/2024;Lago de Amatitlán/Este Centro;9.271;25;8.82;25.4;602;38.8
4/07/2024;Lago de Amatitlán/Bahía Playa de Oro;8.163;41;1.14;25;629;73.34
4/07/2024;Lago de Amatitlán/Oeste Centro;8.107;16;2.85;25.2;668;29.19
4/07/2024;Lago de Amatitlán/Río Michatoya ;8.555;29;8.24;25.6;669;63.01
4/07/2024;Lago de Amatitlán/Playa Pública;8.58;30;8.01;25.1;670;68.71
6/08/2024;Lago de Amatitlán/Este Centro;9.429;20;11.9;25.8;585;34.53
6/08/2024;Lago de Amatitlán/Bahía Playa de Oro;8.901;33;9.17;26;616;59.33
6/08/2024;Lago de Amatitlán/Oeste Centro;8.692;21;8.14;25.8;624;76.89
6/08/2024;Lago de Amatitlán/Río Michatoya ;9.274;37;8.9;26.4;613;102.73
6/08/2024;Lago de Amatitlán/Playa Pública;9.541;40;17.97;27.7;608;109.88
2/09/2024;Lago de Amatitlán/Este Centro;9.688;30;15.02;27.1;572;41.47
2/09/2024;Lago de Amatitlán/Bahía Playa de Oro;9.063;27;15.26;28.5;614;40.58
2/09/2024;Lago de Amatitlán/Oeste Centro;9.301;42;16.1;29.3;617;118.88
2/09/2024;Lago de Amatitlán/Río Michatoya ;9.346;294;13.5;27.7;618;455.08
2/09/2024;Lago de Amatitlán/Playa Pública;9.336;95;13.89;27.7;622;136.76
1/10/2024;Lago de Amatitlán/Este Centro;9.4;11;8.19;25.4;566.8;37.02
1/10/2024;Lago de Amatitlán/Bahía Playa de Oro;8.64;44;11.73;26.57;607.7;108.23
1/10/2024;Lago de Amatitlán/Oeste Centro;9.301;14;16.1;29.3;617;40.46
1/10/2024;Lago de Amatitlán/Río Michatoya ;7.73;8;0;24.49;606.4;35.36
1/10/2024;Lago de Amatitlán/Playa Pública;7.99;9;3.65;25.44;603.8;14
5/11/2024;Lago de Amatitlán/Este Centro;8.61;32;5.24;26.14;604.2;40.11
5/11/2024;Lago de Amatitlán/Bahía Playa de Oro;8.72;26;18.89;28.16;612.8;85.78
5/11/2024;Lago de Amatitlán/Oeste Centro;8.49;14;10.58;26.53;588.9;59.93
5/11/2024;Lago de Amatitlán/Río Michatoya ;8.38;16;8.44;26.03;586.8;78.55
5/11/2024;Lago de Amatitlán/Playa Pública;8.4;17;12.52;26.64;587.8;85.56
2/12/2024;Lago de Amatitlán/Este Centro;7.88;11;1.66;23.31;611.8;18.39
2/12/2024;Lago de Amatitlán/Bahía Playa de Oro;8;11;3;22.92;626;12
2/12/2024;Lago de Amatitlán/Oeste Centro;7.37;9;0.17;21.44;415.9;20.17
2/12/2024;Lago de Amatitlán/Río Michatoya ;7.71;9;2.27;23.25;603.7;33.7
2/12/2024;Lago de Amatitlán/Playa Pública;7.7;8;2.07;23.27;606.2;34.53
7/01/2025;Lago de Amatitlán/Este Centro;8.19;8;6.95;22.6;610.6;32.04
7/01/2025;Lago de Amatitlán/Bahía Playa de Oro;8.34;16;7;22.95;620.3;31.57
7/01/2025;Lago de Amatitlán/Oeste Centro;7.62;8;1.59;22.36;632.7;17.45
7/01/2025;Lago de Amatitlán/Río Michatoya ;7.78;11;3.29;22.59;627.6;29.19
7/01/2025;Lago de Amatitlán/Playa Pública;7.77;10;2.67;22.56;628.6;28.95
4/02/2025;Lago de Amatitlán/Este Centro;8.32;11;7.27;22.3;608.6;14.71
4/02/2025;Lago de Amatitlán/Bahía Playa de Oro;8.47;23;6.87;22.91;622.3;41.88
4/02/2025;Lago de Amatitlán/Oeste Centro;7.87;16;4.06;22.54;647.9;45.21
4/02/2025;Lago de Amatitlán/Río Michatoya ;8.15;13;6.56;22.56;642.6;44.5
4/02/2025;Lago de Amatitlán/Playa Pública;8.37;15;9.39;23.24;642.6;49.36
6/03/2025;Lago de Amatitlán/Este Centro;9.21;24;11.84;23.78;603.6;18.39
6/03/2025;Lago de Amatitlán/Bahía Playa de Oro;8.73;31;8.64;25;621.3;26.1
6/03/2025;Lago de Amatitlán/Oeste Centro;9.13;21;12.19;24.38;672;48.53
